{"tfjsVersion":"1.3.1","tmVersion":"2.4.7","packageVersion":"0.8.4-alpha2","packageName":"@teachablemachine/image","timeStamp":"2024-01-11T11:37:05.377Z","userMetadata":{},"modelName":"tm-my-image-model","labels":["Karasu","Emre","Mert","Ceylan","Baykal","Nehir","Aknil","Kopan","Berk","Baytar","Yusuf","Toprak","Ahmet Abi","Adını Bilmediğim Kıvırcık Çocuk ","Arda","Doruk","Ali Efe","Özyenice","Demir","Dişbudak","Ryan","Tuğrul İlhan","Class 28","Class 29","Class 30","Class 31","Class 32","Class 33","Class 34","Class 35","Class 36"],"imageSize":224}